N,path,prefix,run_id,seed,L,best_feas,density,area_gap,area_gap_frac,boundary_fraction,nn_mean,nn_std,orient_entropy
1,csv/N1_job12345_task1_best_polys_N001.csv,N1_job12345_task1,1,12345,0.8132704260067767,0.0,0.3713664004273892,0.41578378581724407,0.6286335995726108,1.0,0.0,0.0,-0.0
2,csv/N2_job12346_task2_best_polys_N002.csv,N2_job12346_task2,2,12345,0.9514816435238016,0.0,0.5426274194173873,0.41406731796275476,0.45737258058261265,1.0,0.6078041483126767,0.0,0.6931471805599453
3,csv/DEMO_N3_best_polys_N003.csv,DEMO_N3,3,12345,1.1442766112710485,0.0,0.5627710910867398,0.5724939631019543,0.43722890891326016,1.0,0.5212264379529469,0.05101797746151899,1.0986122886681096
4,csv/N4_job12346_task4_best_polys_N004.csv,N4_job12346_task4,4,12345,1.3286579690226998,0.0,0.5565525355869168,0.7828319986475256,0.44344746441308325,1.0,0.3741774334553964,0.04806671999500094,1.3862943611198906
5,csv/N5_job12346_task5_best_polys_N005.csv,N5_job12346_task5,5,12345,1.4777515124332923,0.0,0.5623927935520362,0.955624532498883,0.4376072064479638,1.0,0.6123782549778404,0.12469074801317206,1.6094379124341005
6,csv/N6_job5048388_task6_best_polys_N006.csv,N6_job5048388_task6,6,12345,1.7994496928453785,0.0,0.4551393646240279,1.764269197081327,0.5448606353759722,1.0,0.456146995186894,0.08363387390546917,1.7917594692280547
7,csv/N7_job5048389_task7_best_polys_N007.csv,N7_job5048389_task7,7,12345,1.885398249922242,0.0,0.48368699268060855,1.8353515608098525,0.5163130073193914,1.0,0.5817821249035253,0.17601093046503766,1.945910149055313
8,csv/N8_job5048390_task8_best_polys_N008.csv,N8_job5048390_task8,8,12345,2.050881747799679,0.0,0.4671768506658342,2.2411159434578662,0.5328231493341657,1.0,0.5585046923381112,0.10227862462359867,1.7328679513998633
9,csv/N9_job5048391_task9_best_polys_N009.csv,N9_job5048391_task9,9,12345,2.126304107809869,0.0,0.48894985396723434,2.310544158889122,0.5110501460327657,1.0,0.5756154102699864,0.19355147203455897,2.1972245773362196
10,csv/N10_job5048392_task10_best_polys_N010.csv,N10_job5048392_task10,10,12345,2.34979165073269,0.0,0.44485026646565656,3.0652708018530612,0.5551497335343434,1.0,0.5540936276098635,0.13473791673013025,2.163955656882057
11,csv/N11_job5048408_task11_best_polys_N011.csv,N11_job5048408_task11,11,12345,2.410097911265186,0.0,0.4651530577622964,3.106696941884812,0.5348469422377036,1.0,0.5221131151204093,0.16779267794701538,2.0982737395252498
12,csv/N12_job5048409_task12_best_polys_N012.csv,N12_job5048409_task12,12,12345,2.525503456977464,0.0,0.46212331400785406,3.430667711205121,0.537876685992146,1.0,0.605441812523542,0.11861442753695901,2.484906649788001
13,csv/N13_job5048410_task13_best_polys_N013.csv,N13_job5048410_task13,13,12345,2.6517220648021613,0.0,0.454108797155522,3.838504908958638,0.545891202844478,1.0,0.575166541455421,0.10204005965721903,2.2450352741261774
14,csv/N14_job5048411_task14_best_polys_N014.csv,N14_job5048411_task14,14,12345,2.743883656136438,0.0,0.45674017896912467,4.0901475184126665,0.5432598210308753,1.0,0.5353357121433253,0.10166787830360295,2.341994252232425
15,csv/N15_job5048412_task15_best_polys_N015.csv,N15_job5048412_task15,15,12345,2.864070947276392,0.0,0.4491550459051802,4.5185273910326895,0.5508449540948198,1.0,0.5520091838431554,0.09204456592497841,2.3383717048035724
16,csv/N16_job5048413_task16_best_polys_N016.csv,N16_job5048413_task16,16,12345,2.976096360250401,0.0,0.4437093423581863,4.927149545495686,0.5562906576418136,1.0,0.5544611568261066,0.12405095060805799,2.5126585295298014
17,csv/N17_job5048414_task17_best_polys_N017.csv,N17_job5048414_task17,17,12345,3.0945441862522305,0.0,0.43604178877148525,5.400578720667479,0.5639582112285147,1.0,0.5334925221839254,0.09759335781676798,2.6701198898068177
18,csv/N18_job5048415_task18_best_polys_N018.csv,N18_job5048415_task18,18,12345,3.1963820308786453,0.0,0.43274066862937705,5.795608087323893,0.5672593313706229,1.0,0.5433991258839005,0.09979915854900678,2.505289990918418
19,csv/N19_job5048416_task19_best_polys_N019.csv,N19_job5048416_task19,19,12345,3.2927120713314335,0.0,0.43044598078211316,6.175077784691741,0.5695540192178868,1.0,0.5356998203186809,0.0846871026465079,2.7709738809556863
20,csv/N20_job5048417_task20_best_polys_N020.csv,N20_job5048417_task20,20,12345,3.2656603097089496,0.0,0.4606388332627171,5.752037258408354,0.5393611667372828,1.0,0.5290313980793215,0.08535696099100953,2.5536815580297962
21,csv/N21_job5048418_task21_best_polys_N021.csv,N21_job5048418_task21,21,12345,3.428125968663449,0.0,0.43891287293382986,6.593922657024711,0.5610871270661701,1.0,0.538124772617053,0.1113877796939226,2.846480386134867
22,csv/N22_job5048419_task22_best_polys_N022.csv,N22_job5048419_task22,22,12345,3.472023188047581,0.0,0.44826002870845705,6.651195018340089,0.551739971291543,1.0,0.5673464397910135,0.08815217251678811,2.8389889331546994
23,csv/N23_job5048420_task23_best_polys_N023.csv,N23_job5048420_task23,23,12345,3.526784272708689,0.0,0.4541952759681431,6.788832306225357,0.5458047240318569,1.0,0.5543695033671552,0.09507914061249657,2.788626037967039
24,csv/N24_job5048421_task24_best_polys_N024.csv,N24_job5048421_task24,24,12345,3.707926369186301,0.0,0.42876725069550337,7.853717959307106,0.5712327493044966,1.0,0.5817841494312008,0.12349394034696648,2.7878762280875944
25,csv/N25_job5048422_task25_best_polys_N025.csv,N25_job5048422_task25,25,12345,3.8050381027706193,0.0,0.4241256676253569,8.337689963536233,0.5758743323746431,0.92,0.5226327100938309,0.09222028487470692,2.754331703559254
26,csv/N26_job5048423_task26_best_polys_N026.csv,N26_job5048423_task26,26,12345,3.843793677521704,0.0,0.43224082107419304,8.388499835355823,0.567759178925807,1.0,0.5418033006936008,0.12765010131975169,2.9381824546861237
27,csv/N27_job5048424_task27_best_polys_N027.csv,N27_job5048424_task27,27,12345,3.9114761097267396,0.0,0.43346592978259874,8.66777035696303,0.5665340702174013,0.9259259259259259,0.5529043224968385,0.11360096194705512,2.9364272168250984
28,csv/N28_job5048425_task28_best_polys_N028.csv,N28_job5048425_task28,28,12345,4.02179204896498,0.0,0.4251981601991132,9.297311285117933,0.5748018398008867,1.0,0.5378376959014505,0.13999370660030083,2.9669434861893538
29,csv/N29_job5048426_task29_best_polys_N029.csv,N29_job5048426_task29,29,12345,4.086628426597125,0.0,0.42652084639585547,9.577406897071691,0.5734791536041446,0.9655172413793104,0.5419913597391707,0.16455773245262229,2.9190235060608334
30,csv/N30_job5048427_task30_best_polys_N030.csv,N30_job5048427_task30,30,12345,4.066402413698317,0.0,0.4456286593421485,9.166878590131496,0.5543713406578514,0.9,0.5133320641909236,0.11647110194809686,2.9966356757792143
31,csv/N31_job5048428_task31_best_polys_N031.csv,N31_job5048428_task31,31,12345,4.259388277407846,0.0,0.41970080185181663,10.528013497719382,0.5802991981481833,0.9354838709677419,0.5487693407587214,0.11295780124280551,2.8914393850137765
32,csv/N32_job5048429_task32_best_polys_N032.csv,N32_job5048429_task32,32,12345,4.315750961778326,0.0,0.4219974183182495,10.765706364090544,0.5780025816817504,0.90625,0.5676561853854342,0.08106198984121689,2.9728457116721216
33,csv/N33_job5048430_task33_best_polys_N033.csv,N33_job5048430_task33,33,12345,4.447683507116102,0.0,0.4097498056081007,11.676263579472586,0.5902501943918993,0.9393939393939394,0.5849183633939381,0.13555188726398645,2.876670672278372
34,csv/N34_job5048431_task34_best_polys_N034.csv,N34_job5048431_task34,34,12345,4.447609244191589,0.0,0.42218056455525343,11.429977989018475,0.5778194354447466,0.8823529411764706,0.5518142704074108,0.09767800396955818,2.9909112080063878
35,csv/N35_job5048432_task35_best_polys_N035.csv,N35_job5048432_task35,35,12345,4.538940915847819,0.0,0.4172838273225331,12.00510963755744,0.5827161726774669,0.8571428571428571,0.559435755008713,0.1156053862322845,3.0501472437474773
36,csv/N36_job5048433_task36_best_polys_N036.csv,N36_job5048433_task36,36,12345,4.650202541245497,0.0,0.40891338837943,12.781883674606076,0.59108661162057,0.8888888888888888,0.5745608548115588,0.11626649095115661,3.0153351233670116
37,csv/N37_job5048434_task37_best_polys_N037.csv,N37_job5048434_task37,37,12345,4.721224921263583,0.0,0.4077227173309268,13.201839757160327,0.5922772826690732,0.8918918918918919,0.5802350302762803,0.14120069312535577,3.1563508206546995
38,csv/N38_job5048435_task38_best_polys_N038.csv,N38_job5048435_task38,38,12345,4.767397241151714,0.0,0.410670477042103,13.394326454940973,0.589329522957897,0.868421052631579,0.5387227754030632,0.13985231987330873,3.1495578745073556
39,csv/N39_job5048436_task39_best_polys_N039.csv,N39_job5048436_task39,39,12345,4.77571801505743,0.0,0.42001018635331105,13.228107559344082,0.579989813646689,0.8461538461538461,0.5401334576879746,0.11836861554411801,3.1303715072373812
40,csv/N40_job5048437_task40_best_polys_N040.csv,N40_job5048437_task40,40,12345,4.908072623522818,0.0,0.4078595150781188,14.264176877774158,0.5921404849218812,0.9,0.5667574204204693,0.12783542130731076,3.0951180988836393
41,csv/N41_job5048440_task41_best_polys_N041.csv,N41_job5048440_task41,41,12345,5.0025963889935925,0.0,0.4024069694805874,14.955345631171731,0.5975930305194126,0.8536585365853658,0.6169926512809816,0.11391536372250996,3.0073322232872193
42,csv/N42_job5048441_task42_best_polys_N042.csv,N42_job5048441_task42,42,12345,5.028582094216999,0.0,0.40797238643027495,14.970387878279816,0.5920276135697251,0.8571428571428571,0.543779374201411,0.10983275905278195,3.217647911037476
43,csv/N43_job5048442_task43_best_polys_N043.csv,N43_job5048442_task43,43,12345,5.117581596343707,0.0,0.4032844451975323,15.627766395235808,0.5967155548024676,0.8837209302325582,0.5983544131964867,0.14419494621768084,3.1522874445805185
44,csv/N44_job5048443_task44_best_polys_N044.csv,N44_job5048443_task44,44,12345,5.092731235967817,0.0,0.41670021985735867,15.128411441802294,0.5832997801426414,0.8636363636363636,0.5490034320617598,0.09701699767604313,3.256298586976276
45,csv/N45_job5048444_task45_best_polys_N045.csv,N45_job5048444_task45,45,12345,5.190397990349929,0.0,0.4102832257689927,15.887106298228582,0.5897167742310073,0.8444444444444444,0.5405413677488863,0.1408382674409589,3.1364696481915018
46,csv/N46_job5048445_task46_best_polys_N046.csv,N46_job5048445_task46,46,12345,5.371727163234547,0.0,0.39156377517668217,17.55670271623187,0.6084362248233178,0.8478260869565217,0.5429397138814425,0.12376112441335958,3.0410956691132056
47,csv/N47_job5048446_task47_best_polys_N047.csv,N47_job5048446_task47,47,12345,5.3535266982903025,0.0,0.4028009442197084,17.115873109307067,0.5971990557802915,0.7872340425531915,0.525855709853173,0.10180737612459746,3.0609954809303512
48,csv/N48_job5048447_task48_best_polys_N048.csv,N48_job5048447_task48,48,12345,5.4057927440450815,1.220167471367911e-11,0.40345492666581995,17.432595191570453,0.59654507333418,0.8541666666666666,0.571221983871932,0.14021096856349727,3.24289522192775
49,csv/N49_job5048448_task49_best_polys_N049.csv,N49_job5048448_task49,49,12345,5.451604258003586,0.0,0.4049673438882158,17.684363985882833,0.5950326561117842,0.8367346938775511,0.5824978050358622,0.10813397182874308,3.191461911286005
50,csv/N50_job5048449_task50_best_polys_N050.csv,N50_job5048449_task50,50,12345,5.568853712479338,0.0,0.39601437689903907,18.7308816709949,0.6039856231009609,0.78,0.5450554579539922,0.11575927505597988,3.2760701300004973
51,csv/N51_job5048451_task51_best_polys_N051.csv,N51_job5048451_task51,51,12345,5.613810989072337,0.0,0.3974908822779748,18.98799882102933,0.6025091177220252,0.803921568627451,0.5411142292661557,0.14750844792383166,3.1777366332648542
52,csv/N52_job5048452_task52_best_polys_N052.csv,N52_job5048452_task52,52,12345,5.664615260989371,0.0,0.39804766007480746,19.315366055033678,0.6019523399251925,0.8076923076923077,0.568630099609898,0.13373677558479238,3.1330090919131446
53,csv/N53_job5048453_task53_best_polys_N053.csv,N53_job5048453_task53,53,12345,5.785004612861075,0.0,0.3889923120746307,20.448153370823917,0.6110076879253693,0.7924528301886793,0.5708621057316381,0.11713672153082799,3.260605162223616
54,csv/N54_job5048454_task54_best_polys_N054.csv,N54_job5048454_task54,54,12345,5.6677000363767505,0.0,0.4129073497057397,18.859073702345018,0.5870926502942603,0.8148148148148148,0.5526297889735857,0.10156555489034541,3.1274352761950777
55,csv/N55_job5048455_task55_best_polys_N055.csv,N55_job5048455_task55,55,12345,5.744176974672471,0.0,0.40942997383557167,19.48619411635738,0.5905700261644283,0.7636363636363637,0.5709777987404241,0.1263283428243079,3.252756743428441
56,csv/N56_job5048456_task56_best_polys_N056.csv,N56_job5048456_task56,56,12345,5.876410252928021,0.0,0.39832391250649873,20.777197460717563,0.6016760874935012,0.7678571428571429,0.5458655899655929,0.11344431037932641,3.325652721954712
57,csv/N57_job5048457_task57_best_polys_N057.csv,N57_job5048457_task57,57,12345,5.9805335256777905,0.0,0.3914421289814168,21.766156251756023,0.6085578710185833,0.7368421052631579,0.5516266707956035,0.1376292446651531,3.2176673775941786
58,csv/N58_job5048458_task58_best_polys_N058.csv,N58_job5048458_task58,58,12345,6.077022046065262,0.0,0.3857615495503445,22.683946948363225,0.6142384504496555,0.7068965517241379,0.61875405278414,0.13054691961330422,3.1983236909582335
59,csv/N59_job5048459_task59_best_polys_N059.csv,N59_job5048459_task59,59,12345,6.146879804648894,0.0,0.38354395056370116,23.292256332800427,0.6164560494362988,0.7288135593220338,0.5899822409790734,0.11519071553845885,3.2343128846362443
60,csv/N60_job5048460_task60_best_polys_N060.csv,N60_job5048460_task60,60,12345,6.259058176475843,0.0,0.3761887828150313,24.438309256509115,0.6238112171849687,0.7166666666666667,0.5795991826130563,0.12514723427538949,3.3257676612670357
61,csv/N61_job5048461_task61_best_polys_N061.csv,N61_job5048461_task61,61,12345,6.26139023004441,0.0,0.38217375565746975,24.221882612895584,0.6178262443425302,0.7868852459016393,0.5792280828095429,0.12177753752372134,3.2468363594304823
62,csv/N62_job5048462_task62_best_polys_N062.csv,N62_job5048462_task62,62,12345,6.2348847816147615,0.0,0.39174854547171734,23.645038240011353,0.6082514545282827,0.7741935483870968,0.5722162392977261,0.1215534419738373,3.3078320417478633
63,csv/N63_job5048463_task63_best_polys_N063.csv,N63_job5048463_task63,63,12345,6.273921115902097,0.0,0.39312893462336607,23.887711168562223,0.6068710653766339,0.746031746031746,0.5677608357947799,0.1276546252530375,3.1430899973445756
64,csv/N64_job5048464_task64_best_polys_N064.csv,N64_job5048464_task64,64,12345,6.338772263497864,0.0,0.39123909339962887,24.460033808489833,0.6087609066003712,0.765625,0.569409443613637,0.10869444586766688,3.341359917990423
65,csv/N65_job5048465_task65_best_polys_N065.csv,N65_job5048465_task65,65,12345,6.48027450706143,0.0,0.38018862425514555,26.02833268687026,0.6198113757448545,0.7230769230769231,0.5731020267126025,0.13539064153262148,3.2303280079014427
66,csv/N66_job5048466_task66_best_polys_N066.csv,N66_job5048466_task66,66,12345,6.486757936872987,0.0,0.38526638641901867,25.866778531584693,0.6147336135809813,0.7424242424242424,0.5549263997418535,0.10951238138954773,3.2151109416925427
67,csv/N67_job5048467_task67_best_polys_N067.csv,N67_job5048467_task67,67,12345,6.450059855382305,0.0,0.3955668425648367,25.146397138014404,0.6044331574351633,0.7313432835820896,0.5869749347092402,0.121381106426255,3.3549255695146347
68,csv/N68_job5048468_task68_best_polys_N068.csv,N68_job5048468_task68,68,12345,6.719441789916225,0.0,0.36992619752127187,28.448397968072555,0.6300738024787281,0.7058823529411765,0.5796531042713593,0.1574353588495041,3.29799270728835
69,csv/N69_job5048469_task69_best_polys_N069.csv,N69_job5048469_task69,69,12345,6.659283609235116,0.0,0.3821788382648,27.397933188227476,0.6178211617352001,0.6811594202898551,0.5636749779731223,0.11381311475249564,3.2129827672157774
70,csv/N70_job5048470_task70_best_polys_N070.csv,N70_job5048470_task70,70,12345,6.528693476391952,4.718073940742046e-11,0.4033834258380433,25.43008850868284,0.5966165741619567,0.7142857142857143,0.5440682786917582,0.11807290864694948,3.173668176160422
71,csv/N71_job5048472_task71_best_polys_N071.csv,N71_job5048472_task71,71,12345,6.815338043036972,0.0,0.3754534615506426,29.009457640867026,0.6245465384493574,0.676056338028169,0.5666898750082977,0.10744267168263177,3.3388495026466067
72,csv/N72_job5048473_task72_best_polys_N072.csv,N72_job5048473_task72,72,12345,6.728300544400137,0.0,0.39065582013128347,27.585028215775186,0.6093441798687165,0.7083333333333334,0.596795528021045,0.15667698229594024,3.406346398788729
73,csv/N73_job5048474_task73_best_polys_N073.csv,N73_job5048474_task73,73,12345,6.680809723915569,0.0,0.4017327357429465,26.702593567164826,0.5982672642570535,0.7123287671232876,0.577419197427096,0.11288936539018328,3.34332978378888
74,csv/N74_job5048475_task74_best_polys_N074.csv,N74_job5048475_task74,74,12345,7.102176982131047,0.0,0.36034732835860406,32.26466788551207,0.6396526716413959,0.6621621621621622,0.5923372308433161,0.13149143136773733,3.2651885997911805
75,csv/N75_job5048476_task75_best_polys_N075.csv,N75_job5048476_task75,75,12345,6.910551336429591,0.0,0.38575222166895073,29.3338447734288,0.6142477783310493,0.6533333333333333,0.5804315019806706,0.1405329720191654,3.3101722648819196
76,csv/N76_job5048477_task76_best_polys_N076.csv,N76_job5048477_task76,76,12345,7.041156969810309,0.0,0.37652871966075613,30.910391473508298,0.6234712803392439,0.618421052631579,0.5737711895293256,0.14138883236131514,3.3260805459600595
77,csv/N77_job5048478_task77_best_polys_N077.csv,N77_job5048478_task77,77,12345,6.9466427251317615,0.0,0.3919343851706354,29.342720150626025,0.6080656148293646,0.6883116883116883,0.5455959310763333,0.1351424178787054,3.3815564242054057
78,csv/N78_job5048479_task78_best_polys_N078.csv,N78_job5048479_task78,78,12345,6.963685418159793,0.0,0.39508349120303576,29.33416460309133,0.6049165087969642,0.7051282051282052,0.5739711595929865,0.11217270861350268,3.3478860380784825
79,csv/N79_job5048480_task79_best_polys_N079.csv,N79_job5048480_task79,79,12345,7.347017944479067,0.0,0.35948225545102674,34.57429767649741,0.6405177445489733,0.620253164556962,0.5965393275333521,0.14631874451539806,3.4174365793595727
80,csv/N80_job5048481_task80_best_polys_N080.csv,N80_job5048481_task80,80,12345,7.45094226081501,0.0,0.3539485673428827,35.866540573999096,0.6460514326571173,0.6125,0.6005007707172455,0.11819067955534471,3.313208875722205
81,csv/N81_job5048482_task81_best_polys_N081.csv,N81_job5048482_task81,81,12345,7.351526573166986,0.0,0.36813111295547135,34.14931795598032,0.6318688870445286,0.6790123456790124,0.5917571765429557,0.14004276291850157,3.3921011345569143
82,csv/N82_job5048483_task82_best_polys_N082.csv,N82_job5048483_task82,82,12345,7.482710077913329,0.0,0.35972331172077654,35.8497001101057,0.6402766882792235,0.6097560975609756,0.6158571336113106,0.1342327420261251,3.382564571448029
83,csv/N83_job5048484_task83_best_polys_N083.csv,N83_job5048484_task83,83,12345,7.175170728949333,0.0,0.39599178961493026,31.096199989571307,0.6040082103850697,0.6746987951807228,0.5785340872344752,0.10999686362322966,3.3298176309440044
84,csv/N84_job5048485_task84_best_polys_N084.csv,N84_job5048485_task84,84,12345,7.629823716458013,0.0,0.3544237741913517,37.58170994422517,0.6455762258086484,0.6428571428571429,0.60547116579126,0.11503606519892183,3.4209855539748295
85,csv/N85_job5048486_task85_best_polys_N085.csv,N85_job5048486_task85,85,12345,7.339245371199397,0.0,0.3876043819752101,32.986397618671774,0.6123956180247899,0.6352941176470588,0.5784421481578916,0.12077131648951517,3.296891252332591
86,csv/N86_job5048487_task86_best_polys_N086.csv,N86_job5048487_task86,86,12345,7.604198746695574,0.0,0.36531213629220194,36.70008857924654,0.6346878637077981,0.6046511627906976,0.6010697382964278,0.13137367251611395,3.2906837783317475
87,csv/N87_job5048488_task87_best_polys_N087.csv,N87_job5048488_task87,87,12345,7.795049510169802,0.0,0.3516851774800023,39.39342186599848,0.6483148225199977,0.6666666666666666,0.5912599242815639,0.13716577038046018,3.4248465422299965
88,csv/N88_job5048489_task88_best_polys_N088.csv,N88_job5048489_task88,88,12345,7.552997366451209,0.0,0.37889299259968817,35.43276921761891,0.6211070074003118,0.6363636363636364,0.5717198056600418,0.12912105778315955,3.3752847598103206
89,csv/N89_job5048490_task89_best_polys_N089.csv,N89_job5048490_task89,89,12345,7.724649888454746,0.0,0.36635739741460616,37.80959089920392,0.6336426025853938,0.6067415730337079,0.5883239683396131,0.12821488707356413,3.2654919166523895
90,csv/N90_job5048491_task90_best_polys_N090.csv,N90_job5048491_task90,90,12345,7.625875364234148,0.0,0.38013308588233075,36.04772507083331,0.6198669141176693,0.6777777777777778,0.5724309419619311,0.11509924981373641,3.436881804566976
91,csv/N91_job5048492_task91_best_polys_N091.csv,N91_job5048492_task91,91,12345,8.044888539200363,0.0,0.3453614803996277,42.36835660815735,0.6546385196003723,0.6153846153846154,0.6013869173044162,0.13870403808600534,3.2909796227057124
92,csv/N92_job5048493_task92_best_polys_N092.csv,N92_job5048493_task92,92,12345,8.047573918004588,0.0,0.3489236816081626,42.16594596574771,0.6510763183918373,0.6086956521739131,0.6132044761856557,0.12804245815085497,3.4449019098117337
93,csv/N93_job5048494_task93_best_polys_N093.csv,N93_job5048494_task93,93,12345,7.946364038950673,0.0,0.3617583816098344,40.30157643952846,0.6382416183901656,0.6344086021505376,0.5841262119867532,0.13334919937272516,3.4049497902551114
94,csv/N94_job5048495_task94_best_polys_N094.csv,N94_job5048495_task94,94,12345,8.030439586351628,0.0,0.3580319491868884,41.39920995004331,0.6419680508131116,0.6170212765957447,0.5905533275119438,0.11747254420559201,3.382949837002213
95,csv/N95_job5048496_task95_best_polys_N095.csv,N95_job5048496_task95,95,12345,7.947106253490732,0.0,0.3694691094543531,39.8221228042715,0.6305308905456469,0.6210526315789474,0.6179948908029479,0.1212247744674826,3.3908682465158155
96,csv/N96_job5048497_task96_best_polys_N096.csv,N96_job5048497_task96,96,12345,8.073845574593387,0.0,0.3617286633842985,41.60698236238122,0.6382713366157016,0.5729166666666666,0.6125239644265261,0.14726477633933868,3.335079829994348
97,csv/N97_job5048498_task97_best_polys_N097.csv,N97_job5048498_task97,97,12345,8.203514575070134,0.0,0.35403352881169287,43.47202638338811,0.6459664711883071,0.5979381443298969,0.5996834592286583,0.11686262193622504,3.4558969334059015
98,csv/N98_job5048499_task98_best_polys_N098.csv,N98_job5048499_task98,98,12345,8.375190705683867,0.0,0.34316993600868406,46.07256935657343,0.6568300639913159,0.5612244897959183,0.6029440314152795,0.10209563148257257,3.4608457615808654
99,csv/N99_job5048500_task99_best_polys_N099.csv,N99_job5048500_task99,99,12345,8.430909093769674,0.0,0.34210462788007623,46.763353147408196,0.6578953721199238,0.5454545454545454,0.6096675239077403,0.15767995465231735,3.331053288088517
100,csv/N100_job5048501_task100_best_polys_N100.csv,N100_job5048501_task100,100,12345,8.44332018794036,0.0,0.3445450777635848,46.727155796081234,0.6554549222364152,0.57,0.618124529194046,0.13601287411677135,3.4605576430257425
101,csv/N101_job5048502_task101_best_polys_N101.csv,N101_job5048502_task101,101,12345,8.376780309079729,0.0,0.35354092192011805,45.36232334658589,0.646459078079882,0.5445544554455446,0.6124434927392676,0.13012324448723403,3.4190783733855383
102,csv/N102_job5048503_task102_best_polys_N102.csv,N102_job5048503_task102,102,12345,8.219171702493789,0.0,0.3708656694791118,42.50103347507465,0.6291343305208882,0.5980392156862745,0.5847630571528607,0.11766451673786289,3.447889108929288
103,csv/N103_job5048504_task103_best_polys_N103.csv,N103_job5048504_task103,103,12345,8.597697055763534,0.0,0.3422516223762958,48.621019662684944,0.6577483776237042,0.5728155339805825,0.5933544740011768,0.14414490417629738,3.4082481254318275
105,csv/N105_job5048506_task105_best_polys_N105.csv,N105_job5048506_task105,105,12345,8.533484829345976,0.0,0.3541677604954565,47.02973833267793,0.6458322395045435,0.580952380952381,0.6015769358507235,0.12743669016961087,3.413533308407788
106,csv/N106_job5048507_task106_best_polys_N106.csv,N106_job5048507_task106,106,12345,8.647197946933385,0.0,0.3481990898109303,48.73778233344896,0.6518009101890697,0.5943396226415094,0.6108125666995983,0.1508480202168203,3.370144899254081
107,csv/N107_job5048508_task107_best_polys_N107.csv,N107_job5048508_task107,107,12345,8.642706632057001,0.0,0.3518493898780848,48.414502927802076,0.6481506101219152,0.5700934579439252,0.5748815842877997,0.11924169740498124,3.306616007596237
108,csv/N108_job5048509_task108_best_polys_N108.csv,N108_job5048509_task108,108,12345,8.905837975610881,0.0,0.334461970233505,52.78645004783292,0.665538029766495,0.5648148148148148,0.6212207166494799,0.12902916610824644,3.421669978033548
109,csv/N109_job5048510_task109_best_polys_N109.csv,N109_job5048510_task109,109,12345,8.727537132045871,0.0,0.3514921702209627,49.39677939123948,0.6485078297790373,0.6238532110091743,0.6074159125821045,0.11888262610096252,3.415965935209289
111,csv/N111_job5048512_task111_best_polys_N111.csv,N111_job5048512_task111,111,12345,8.768793979540478,1.0508982722061424e-11,0.3545812881142012,49.627372855625325,0.6454187118857988,0.5675675675675675,0.600458209166925,0.12973958889423834,3.3487162033670677
112,csv/N112_job5048513_task112_best_polys_N112.csv,N112_job5048513_task112,112,12345,9.076781092911197,0.0,0.33390803300213373,54.87795500863019,0.6660919669978662,0.5714285714285714,0.5926360080473054,0.13670978013089938,3.469373953353209
113,csv/N113_job5048514_task113_best_polys_N113.csv,N113_job5048514_task113,113,12345,8.791967832535642,0.0,0.35906975907588656,49.54307336834148,0.6409302409241134,0.5309734513274337,0.587622331349767,0.12430004014502136,3.363230830868352
114,csv/N114_job5048515_task114_best_polys_N114.csv,N114_job5048515_task114,114,12345,9.170443866597601,0.0,0.332963559281716,56.09579071041756,0.667036440718284,0.5263157894736842,0.6167579001760716,0.11695361657803807,3.3921135082052603
115,csv/N115_job5048516_task115_best_polys_N115.csv,N115_job5048516_task115,115,12345,9.003402679936665,0.0,0.34846331112712997,52.81438481709071,0.65153668887287,0.5391304347826087,0.5924791907766451,0.13513393584231664,3.45050486148423
116,csv/N116_job5048517_task116_best_polys_N116.csv,N116_job5048517_task116,116,12345,9.22697002053922,0.0,0.33466657402000705,56.64447575992953,0.665333425979993,0.5689655172413793,0.6198426244441445,0.13735412418273615,3.449099411998835
117,csv/N117_job5048518_task117_best_polys_N117.csv,N117_job5048518_task117,117,12345,9.298248963625069,0.0,0.33239622945496194,57.719308789554674,0.667603770545038,0.5299145299145299,0.6159174595783451,0.14151920367250403,3.461303151386117
118,csv/N118_job5048519_task118_best_polys_N118.csv,N118_job5048519_task118,118,12345,9.13890461100585,0.0,0.3470294135982083,54.53582748906399,0.6529705864017916,0.5508474576271186,0.5841071372072871,0.12417487076593739,3.407485099639465
119,csv/N119_job5048520_task119_best_polys_N119.csv,N119_job5048520_task119,119,12345,9.527999136264711,0.0,0.3219705214087941,61.553392540661086,0.6780294785912059,0.5546218487394958,0.6209720960827683,0.14450335210867604,3.341554152979403
120,csv/N120_job5048521_task120_best_polys_N120.csv,N120_job5048521_task120,120,12345,9.170063111997468,0.0,0.35051706330092025,54.615057478016695,0.6494829366990797,0.5666666666666667,0.5892866360926281,0.1209577778469614,3.4456168185794414
121,csv/N121_job5048522_task121_best_polys_N121.csv,N121_job5048522_task121,121,12345,9.354445797474742,0.0,0.33964233054352566,57.785031177892876,0.6603576694564743,0.5702479338842975,0.603949038241641,0.12529609154241378,3.5188695310075295
122,csv/N122_job5048523_task122_best_polys_N122.csv,N122_job5048523_task122,122,12345,9.30942947899549,0.0,0.34576916852846457,56.69922722439024,0.6542308314715355,0.5163934426229508,0.5958333243432343,0.13340412684709074,3.401579622253914
123,csv/N123_job5048525_task123_best_polys_N123.csv,N123_job5048525_task123,123,12345,9.472174686900445,0.0,0.3367272640336812,59.510218299157536,0.6632727359663189,0.5284552845528455,0.6120991068913039,0.14644306791343503,3.358247371081388
124,csv/N124_job5048526_task124_best_polys_N124.csv,N124_job5048526_task124,124,12345,9.808165602406017,0.0,0.3166056589070605,65.7426124842206,0.6833943410929395,0.532258064516129,0.6280216753144836,0.14381588254633448,3.447200728378868
125,csv/N125_job5048527_task125_best_polys_N125.csv,N125_job5048527_task125,125,12345,9.661516767361805,0.0,0.3289212688165436,62.641781246013295,0.6710787311834564,0.504,0.6420764793704112,0.14666420911722242,3.4633951546541404
126,csv/N126_job5048528_task126_best_polys_N126.csv,N126_job5048528_task126,126,12345,9.682278348703047,0.0,0.33013227556189517,62.797764021763804,0.6698677244381048,0.5079365079365079,0.6262195344224111,0.15292724042513528,3.3875350209959065
127,csv/N127_job5048529_task127_best_polys_N127.csv,N127_job5048529_task127,127,12345,9.814911593884956,0.0,0.3238198777058014,65.13811459577732,0.6761801222941985,0.4645669291338583,0.6096447875696045,0.13574921408570734,3.4198292289284127
128,csv/N128_job5048530_task128_best_polys_N128.csv,N128_job5048530_task128,128,12345,9.543862163010466,0.0,0.3451709362409779,59.645304986542826,0.6548290637590222,0.5390625,0.5950740081818688,0.12411866492877345,3.4550266824615927
129,csv/N129_job5048531_task129_best_polys_N129.csv,N129_job5048531_task129,129,12345,9.825323032829816,0.0,0.3282226914101121,64.8513476994561,0.6717773085898879,0.5271317829457365,0.622035120255313,0.1284708499352751,3.427271648698911
130,csv/N130_job5048532_task130_best_polys_N130.csv,N130_job5048532_task130,130,12345,9.718439818427894,0.0,0.3380826008758496,62.51682250440481,0.6619173991241504,0.5,0.597055088195294,0.11921008635537987,3.4120635729705673
131,csv/N131_job5048533_task131_best_polys_N131.csv,N131_job5048533_task131,131,12345,9.957886679771349,0.0,0.324496116733765,66.98263212716766,0.675503883266235,0.5038167938931297,0.6056578019307088,0.1423106042565816,3.4139733749628123
132,csv/N132_job5048534_task132_best_polys_N132.csv,N132_job5048534_task132,132,12345,9.742639299945466,0.0,0.3415806423133936,62.496520528841884,0.6584193576866064,0.5,0.6052610499300002,0.12983046641058682,3.44868643219716
133,csv/N133_job5048535_task133_best_polys_N133.csv,N133_job5048535_task133,133,12345,9.904952951517656,0.0,0.3329809398027671,65.43996797177832,0.6670190601972329,0.49624060150375937,0.581402709958697,0.13751108998594766,3.474815703821225
134,csv/N134_job5048536_task134_best_polys_N134.csv,N134_job5048536_task134,134,12345,10.235571494499533,0.0,0.31416165331779405,71.8531738190114,0.685838346682206,0.4626865671641791,0.6182088784638246,0.11288722991397442,3.4605332208659854
135,csv/N135_job5048537_task135_best_polys_N135.csv,N135_job5048537_task135,135,12345,9.97213652898479,0.0,0.33344937257460044,66.2841319527128,0.6665506274253996,0.5111111111111111,0.6285892434804402,0.1308003562158718,3.429312124732368
136,csv/N136_job5048538_task136_best_polys_N136.csv,N136_job5048538_task136,136,12345,10.04010311130543,0.0,0.3313867425567312,67.398670485645,0.6686132574432688,0.5441176470588235,0.6316243360525483,0.12886878470851226,3.457570524864874
137,csv/N137_job5048539_task137_best_polys_N137.csv,N137_job5048539_task137,137,12345,10.302489587807402,0.0,0.31703613606785236,72.49066670687995,0.6829638639321476,0.5036496350364964,0.6213141533331423,0.13686727377496918,3.4629811311314453
138,csv/N138_job5048540_task138_best_polys_N138.csv,N138_job5048540_task138,138,12345,10.142348769585086,0.0,0.32951453225744626,68.9709885639041,0.6704854677425538,0.4782608695652174,0.6257887369950147,0.12472378469233492,3.4501604679712377
139,csv/N139_job5048541_task139_best_polys_N139.csv,N139_job5048541_task139,139,12345,10.174789490397233,0.0,0.3297892556895285,69.38446617389798,0.6702107443104715,0.49640287769784175,0.5915042875561344,0.13171371996378647,3.4539802359447007
140,csv/N140_job5048542_task140_best_polys_N140.csv,N140_job5048542_task140,140,12345,10.2688619492769,0.0,0.32610388487634956,71.06202573330697,0.6738961151236504,0.4785714285714286,0.6082719861994932,0.11815388635618443,3.460970629787497
141,csv/N141_job5048543_task141_best_polys_N141.csv,N141_job5048543_task141,141,12345,10.62940540669719,0.0,0.30653053101905375,78.35113429992344,0.6934694689809462,0.48936170212765956,0.6270077443266816,0.12874938585256457,3.3989397742936798
142,csv/N142_job5048544_task142_best_polys_N142.csv,N142_job5048544_task142,142,12345,10.0512130175481,0.0,0.3452422654388499,66.14813312412839,0.6547577345611502,0.5070422535211268,0.6002361518237163,0.12026957424171854,3.441027269154836
143,csv/N143_job5048546_task143_best_polys_N143.csv,N143_job5048546_task143,143,12345,10.577149467790107,0.0,0.3139578325337349,76.75171586397255,0.6860421674662651,0.4405594405594406,0.6247705595939697,0.14027287975705624,3.499398371735575
144,csv/N144_job5048547_task144_best_polys_N144.csv,N144_job5048547_task144,144,12345,10.774688330074397,0.0,0.30466714768598785,80.72390861024141,0.6953328523140121,0.4513888888888889,0.6261949562118213,0.12294889088349013,3.454842228342772
145,csv/N145_job5048548_task145_best_polys_N145.csv,N145_job5048548_task145,145,12345,10.663968377273356,0.0,0.3131863842164187,78.10459655148614,0.6868136157835814,0.4827586206896552,0.6296466294972859,0.13614444581189386,3.462171918200502
146,csv/N146_job5048549_task146_best_polys_N146.csv,N146_job5048549_task146,146,12345,10.69640056489797,0.0,0.3134368881816501,78.55173504474963,0.68656311181835,0.4726027397260274,0.6085458992835635,0.14263969694645576,3.385193497046824
147,csv/N147_job5048550_task147_best_polys_N147.csv,N147_job5048550_task147,147,12345,10.759553569860987,0.0,0.3118899624779493,79.66111802270831,0.6881100375220507,0.4965986394557823,0.6247706991814937,0.12674040138566905,3.4502667435456584
148,csv/N148_job5048551_task148_best_polys_N148.csv,N148_job5048551_task148,148,12345,10.815570430703316,0.0,0.3107673779880571,80.6240637415039,0.6892326220119429,0.4594594594594595,0.6340278645085012,0.1388801440887204,3.4751246481726192
149,csv/N149_job5048552_task149_best_polys_N149.csv,N149_job5048552_task149,149,12345,10.832853267771105,0.0,0.31186965144581796,80.75258492105911,0.6881303485541821,0.47651006711409394,0.6185678576926448,0.14346852934892407,3.4878910725031647
151,csv/N151_job5048554_task151_best_polys_N151.csv,N151_job5048554_task151,151,12345,10.82908282839087,0.0,0.3162759464194026,80.17965990415001,0.6837240535805974,0.47019867549668876,0.6308806139191372,0.14694890545804806,3.4384977472526645
152,csv/N152_job5048555_task152_best_polys_N152.csv,N152_job5048555_task152,152,12345,10.812643121628522,0.0,0.3193393357264349,79.5782512757006,0.6806606642735651,0.46710526315789475,0.6033405547234911,0.14530388458916005,3.4539281263215114
153,csv/N153_job5048556_task153_best_polys_N153.csv,N153_job5048556_task153,153,12345,11.13194011385623,0.0,0.3032649894635731,86.33946569848145,0.696735010536427,0.49019607843137253,0.6242579648671976,0.1294093731990648,3.423997411953324
154,csv/N154_job5048557_task154_best_polys_N154.csv,N154_job5048557_task154,154,12345,10.864015443188741,0.0,0.32048856605987713,80.20058154984346,0.6795114339401229,0.4935064935064935,0.5955170975525615,0.12721619191328523,3.395946318129193
155,csv/N155_job5048558_task155_best_polys_N155.csv,N155_job5048558_task155,155,12345,11.003390243846708,0.0,0.3144497358478268,83.00272185838091,0.6855502641521731,0.4838709677419355,0.631563812996789,0.11734448798941977,3.4517105126573044
156,csv/N156_job5048559_task156_best_polys_N156.csv,N156_job5048559_task156,156,12345,10.870315722454402,0.0,0.3242745384323903,79.84626390583936,0.6757254615676097,0.48717948717948717,0.6320502876322984,0.13706482449521118,3.437970652022725
157,csv/N157_job5048560_task157_best_polys_N157.csv,N157_job5048560_task157,157,12345,11.049053038674407,0.0,0.3158799811970894,83.51844805144013,0.6841200188029106,0.45222929936305734,0.6229998600594907,0.13701399866889422,3.4010655442403332
158,csv/N158_job5048561_task158_best_polys_N158.csv,N158_job5048561_task158,158,12345,11.337447078194002,0.0,0.3019250236522985,89.7289562508497,0.6980749763477014,0.46835443037974683,0.6274090576947362,0.15506543841016684,3.4970561572328034
159,csv/N159_job5048562_task159_best_polys_N159.csv,N159_job5048562_task159,159,12345,11.34796969827413,0.0,0.30327272749400297,89.72204127294785,0.696727272505997,0.4716981132075472,0.6404410281304694,0.1305582296734348,3.4870970714713505
160,csv/N160_job5048563_task160_best_polys_N160.csv,N160_job5048563_task160,160,12345,11.418539677926807,0.0,0.3014195517698669,91.08304837638885,0.6985804482301331,0.425,0.6560432474403737,0.13926323441128355,3.4650559118624167
161,csv/N161_job5048565_task161_best_polys_N161.csv,N161_job5048565_task161,161,12345,11.362012407713141,0.0,0.3063288675098048,89.54970095302738,0.6936711324901952,0.453416149068323,0.6287507513399017,0.1471319500089137,3.5144972837640616
162,csv/N162_job5048566_task162_best_polys_N162.csv,N162_job5048566_task162,162,12345,11.477784883612179,0.0,0.30204483967172313,91.94829583447626,0.6979551603282769,0.4444444444444444,0.6179645857393041,0.13457149524701886,3.4855395652071066
163,csv/N163_job5048567_task163_best_polys_N163.csv,N163_job5048567_task163,163,12345,11.278271630893094,0.0,0.3147567641349351,87.16253598020798,0.6852432358650649,0.44785276073619634,0.6066590889867665,0.1372070103925627,3.438659307379142
164,csv/N164_job5048568_task164_best_polys_N164.csv,N164_job5048568_task164,164,12345,11.61351629793758,0.0,0.29866817504257465,94.59126080246179,0.7013318249574254,0.4329268292682927,0.6552662671144878,0.13736244274655707,3.475807584843847
165,csv/N165_job5048569_task165_best_polys_N165.csv,N165_job5048569_task165,165,12345,11.77866938138406,0.0,0.29212185425659093,98.20892739595436,0.7078781457434091,0.41818181818181815,0.6486746092265664,0.16387821626173146,3.4212948672403565
166,csv/N166_job5048570_task166_best_polys_N166.csv,N166_job5048570_task166,166,12345,11.48811213080992,0.0,0.3089465316157916,91.20297033006204,0.6910534683842084,0.4457831325301205,0.5985050736452129,0.1212625302271264,3.4489486361648685
167,csv/N167_job5048571_task167_best_polys_N167.csv,N167_job5048571_task167,167,12345,11.235931471034638,0.0,0.3249158334208701,85.2267810217866,0.6750841665791298,0.4491017964071856,0.5992695702797238,0.12420662493717476,3.476714521591554
168,csv/N168_job5048572_task168_best_polys_N168.csv,N168_job5048572_task168,168,12345,11.690494192182657,0.0,0.3019368420700121,95.40265445745642,0.6980631579299879,0.43452380952380953,0.6176398043885906,0.1400074118428265,3.4892246941379224
169,csv/N169_job5048573_task169_best_polys_N169.csv,N169_job5048573_task169,169,12345,11.33630395799794,0.0,0.3230102532284679,87.00116242811976,0.6769897467715321,0.44970414201183434,0.6265861210437094,0.13417960601692117,3.5012976873412285
170,csv/N170_job5048574_task170_best_polys_N170.csv,N170_job5048574_task170,170,12345,11.51976753126483,0.0,0.31465458093710724,90.94879397438339,0.6853454190628927,0.4117647058823529,0.612642455424791,0.13090914099331238,3.4557764807405085
171,csv/N171_job5048575_task171_best_polys_N171.csv,N171_job5048575_task171,171,12345,11.725068158552887,0.0,0.3055187905665347,95.47534832271079,0.6944812094334654,0.45614035087719296,0.6229408983592307,0.12933159248850543,3.4962576230249485
172,csv/N172_job5048576_task172_best_polys_N172.csv,N172_job5048576_task172,172,12345,11.809313048849603,0.0,0.30293659803727796,97.21237468572951,0.697063401962722,0.4476744186046512,0.6362862697839726,0.13661173114239633,3.4722590436844123
173,csv/N173_job5048577_task173_best_polys_N173.csv,N173_job5048577_task173,173,12345,11.912518847848435,0.0,0.29944114122350224,99.41498030034421,0.7005588587764977,0.3988439306358382,0.6398999665637101,0.12591576339142907,3.461795015548448
174,csv/N174_job5048578_task174_best_polys_N174.csv,N174_job5048578_task174,174,12345,11.887323999275871,0.0,0.30245001899960927,98.56972186376011,0.6975499810003907,0.4367816091954023,0.6296248894555206,0.15034550684992737,3.4663219498209554
175,csv/N175_job5048579_task175_best_polys_N175.csv,N175_job5048579_task175,175,12345,11.658519077979465,0.0,0.31624512608504185,92.93669209161115,0.6837548739149582,0.4228571428571429,0.6293231982790157,0.13228712138512214,3.502853882607606
176,csv/N176_job5048580_task176_best_polys_N176.csv,N176_job5048580_task176,176,12345,11.845096817234579,0.0,0.3081115692320888,97.07631860966075,0.6918884307679112,0.4602272727272727,0.6120122565960083,0.1475972677519706,3.4534858252691025
177,csv/N177_job5048581_task177_best_polys_N177.csv,N177_job5048581_task177,177,12345,12.00859964500703,0.0,0.30148180159008764,100.73084043406296,0.6985181984099124,0.4293785310734463,0.6258637671790843,0.13974836027617565,3.4867532072629346
178,csv/N178_job5048582_task178_best_polys_N178.csv,N178_job5048582_task178,178,12345,11.626337405779772,0.0,0.3234496795893967,91.45047147303393,0.6765503204106034,0.449438202247191,0.6271045061335694,0.1374830279110512,3.4658419576554653
179,csv/N179_job5048583_task179_best_polys_N179.csv,N179_job5048583_task179,179,12345,12.082052713157664,0.0,0.30119249516092267,102.00912276352048,0.6988075048390774,0.45251396648044695,0.6321113515605262,0.13645133619564465,3.4249813199161063
180,csv/N180_job5048584_task180_best_polys_N180.csv,N180_job5048584_task180,180,12345,12.74037407461769,0.0,0.2723834482211306,118.10463156119059,0.7276165517788694,0.4166666666666667,0.6437902887568765,0.13621681096311847,3.495258515390386
181,csv/N181_job5048585_task181_best_polys_N181.csv,N181_job5048585_task181,181,12345,11.70873518682385,0.0,0.3242882215632572,92.63635467516693,0.6757117784367428,0.40331491712707185,0.6058836460041889,0.14082883643209756,3.476009205793492
182,csv/N182_job5048586_task182_best_polys_N182.csv,N182_job5048586_task182,182,12345,12.44783302497478,0.0,0.2885070616048245,110.2447970176528,0.7114929383951756,0.4340659340659341,0.6598291974461827,0.13680059539426528,3.511740891847758
183,csv/N183_job5048587_task183_best_polys_N183.csv,N183_job5048587_task183,183,12345,12.001967115707897,0.0,0.3120461239760711,99.09783964653374,0.6879538760239289,0.4207650273224044,0.6465244989318768,0.13270149357595376,3.487418221352333
184,csv/N184_job5048588_task184_best_polys_N184.csv,N184_job5048588_task184,184,12345,12.251488846882966,0.0,0.3011013153557087,104.90397896529771,0.6988986846442913,0.41304347826086957,0.6374763112510103,0.14730235580833825,3.488595114734981
185,csv/N185_job5048589_task185_best_polys_N185.csv,N185_job5048589_task185,185,12345,12.243412877097109,5.797050311508773e-11,0.30313724950358256,104.46053387906731,0.6968627504964174,0.4648648648648649,0.6337179148588509,0.13561068902662937,3.5000585455559206
186,csv/N186_job5048590_task186_best_polys_N186.csv,N186_job5048590_task186,186,12345,12.58260582530269,0.0,0.2885654479043034,112.63571935494116,0.7114345520956966,0.41397849462365593,0.6403027851357193,0.12836869685500438,3.490149298488361
187,csv/N187_job5048591_task187_best_polys_N187.csv,N187_job5048591_task187,187,12345,12.401491155041228,0.0,0.29865264027483013,107.86510786856581,0.7013473597251698,0.44385026737967914,0.6388965607629398,0.13498326644017902,3.5083053526312877
188,csv/N188_job5048592_task188_best_polys_N188.csv,N188_job5048592_task188,188,12345,12.104266620181624,0.0,0.31517622854235483,100.3357704124431,0.6848237714576452,0.39893617021276595,0.6351407310031819,0.1447078274260556,3.4799938691113974
189,csv/N189_job5048593_task189_best_polys_N189.csv,N189_job5048593_task189,189,12345,12.571392258253868,0.0,0.29374306126143096,111.61677831088528,0.7062569387385691,0.3915343915343915,0.6588238150817116,0.12946072798301866,3.4991088073798364
190,csv/N190_job5048594_task190_best_polys_N190.csv,N190_job5048594_task190,190,12345,12.276589372521455,0.0,0.30964973243244454,104.04589662150676,0.6903502675675555,0.4105263157894737,0.6282539911513647,0.12518894555108825,3.5045269869537345
191,csv/N191_job5048595_task191_best_polys_N191.csv,N191_job5048595_task191,191,12345,12.568261999368778,0.0,0.29699933986084903,111.04683468477725,0.703000660139151,0.39790575916230364,0.6580391349668353,0.15337999541354425,3.4921915662266105
192,csv/N192_job5048596_task192_best_polys_N192.csv,N192_job5048596_task192,192,12345,12.547735274110709,0.0,0.2995319137249619,110.28566050916214,0.7004680862750381,0.4010416666666667,0.628222713150424,0.15231610289226774,3.5011724802749202
193,csv/N193_job5048597_task193_best_polys_N193.csv,N193_job5048597_task193,193,12345,12.573293211682183,0.0,0.29986915075749837,110.68207718693327,0.7001308492425016,0.40414507772020725,0.6348887504772512,0.14662704096051704,3.464013448093114
194,csv/N194_job5048598_task194_best_polys_N194.csv,N194_job5048598_task194,194,12345,12.573159026448895,0.0,0.30142931074625356,110.43307790437333,0.6985706892537464,0.4175257731958763,0.6386198176174092,0.1471784436461356,3.483754374637351
195,csv/N195_job5048599_task195_best_polys_N195.csv,N195_job5048599_task195,195,12345,12.484093847982338,0.0,0.30732163110689115,107.95572420523047,0.6926783688931089,0.38974358974358975,0.6308807810458615,0.13523706357201537,3.492190051804878
196,csv/N196_job5048600_task196_best_polys_N196.csv,N196_job5048600_task196,196,12345,12.479827035947773,0.0,0.3091088977643193,107.60358284717297,0.6908911022356807,0.41836734693877553,0.6208162708337079,0.14035378224406506,3.4890023259900325
197,csv/N197_job5048601_task197_best_polys_N197.csv,N197_job5048601_task197,197,12345,12.524851450154419,0.0,0.3084562870273513,108.48377884843524,0.6915437129726487,0.41116751269035534,0.6246906370358237,0.13848058241522024,3.49739444022619
198,csv/N198_job5048602_task198_best_polys_N198.csv,N198_job5048602_task198,198,12345,13.192196239031869,0.0,0.27944963841746223,125.40029160912658,0.7205503615825377,0.3939393939393939,0.636720334072356,0.15378126994465804,3.5002065267847873
199,csv/N199_job5048603_task199_best_polys_N199.csv,N199_job5048603_task199,199,12345,13.13433893192795,0.0,0.2833408588461697,123.63148417875824,0.7166591411538303,0.3869346733668342,0.6342119889770272,0.15276261097223212,3.5149745303116844
200,csv/N200_job5048382_task200_best_polys_N200.csv,N200_job5048382_task200,200,12345,12.607174425083572,0.0,0.30907725063775754,109.81584698448131,0.6909227493622425,0.405,0.6340666746661683,0.14822662376758286,3.485124910207743
